{
"title": "Who Made Me a Princess",
    "description": "Główna bohaterka odradza się w powieści, którą przeczytała i staje się Athanasią de Alder Obelią, księżniczką, której przeznaczona jest śmierć z rąk własnego ojca. ",
    "artist": "",
    "author": "",
    "cover": "https://i.pinimg.com/564x/1f/41/b5/1f41b50566c9b68d5c82677ea595a0f1.jpg",
    "chapters": {
        "1": {
        "title": "",
        "volume": "1",
        "groups": {
          "KaguraScan": "/proxy/api/imgur/chapter/ebz8Jfz/"
        }, 
        "last_updated": "0" 
      },
      "2": { 
        "title": "",
        "volume": "1",
        "groups": {
          "KaguraScan": "/proxy/api/imgur/chapter/yatEpfa/"
        },
        "last_updated": "0"
       },
      "3": { 
        "title": "",
        "volume": "1",
        "groups": {
          "KaguraScan": "/proxy/api/imgur/chapter/4TqF58A/"
        },
        "last_updated": "0"
           },
      "4": { 
        "title": "",
        "volume": "1",
        "groups": {
          "KaguraScan": "/proxy/api/imgur/chapter/z4z3A28/"
        },
        "last_updated": "0"  
         }    
    }
  }
