{
"title": "The Villainess Reverses the Hourglass",
    "description": "Straciła wszystko przez swoją siostrę i własną głupotę, a teraz gdy dostała drugą szansę, zrobi wszystko, by odmienić swój los.",
    "artist": "",
    "author": "",
    "cover": "https://cdn.mangatigre.com/mangas/cb939d31dd61e4e8579f83a2ef49af66.jpeg?q=60",
    "chapters": {
        "10": {
        "title": "",
        "volume": "1",
        "groups": {
          "KaguraScan": "/proxy/api/imgur/chapter/LJQAlcg/"
        }, 
        "last_updated": "0"
         }
        "11": {
        "title": "",
        "volume": "1",
        "groups": {
          "KaguraScan": "/proxy/api/imgur/chapter/U14L1fp/"
        }, 
        "last_updated": "0"
         }    
    }
  }
