{
"title": "Kill the Hero",
    "description": "Zdradzony przez towarzysza, któremu ufał, cofa się w czasie, by dokonać swojej zemsty.",
    "artist": "",
    "author": "",
    "cover": "https://a.wattpad.com/cover/235812347-288-k638199.jpg",
    "chapters": {
      "1": {
        "title": "",
        "volume": "1",
        "groups": {
          "KaguraScans": "/proxy/api/imgur/chapter/giQABGX/"
        }, 
        "last_updated": "0"
      },
      "2": { 
        "title": "",
        "volume": "1",
        "groups": {
          "KaguraScans": "/proxy/api/imgur/chapter/3xrePsx/"
        },
        "last_updated": "0"
       },
      "3": {
        "title": "",
        "volume": "1",
        "groups": {
          "KaguraScans": "/proxy/api/imgur/chapter/7hr7i0D/"
        },
        "last_updated": "0"
     },
      "4": {
        "title": "",
        "volume": "1",
        "groups": {
          "KaguraScans": "/proxy/api/imgur/chapter/ZNn9bu0/"
        },
        "last_updated": "0"
       },
      "5": { 
        "title": "",
        "volume": "1",
        "groups": {
          "KaguraScans": "/proxy/api/imgur/chapter/dnIbgy6/"
        },
        "last_updated": "0"
       },
      "6": {
        "title": "",
        "volume": "1",
        "groups": {
          "KaguraScans": "/proxy/api/imgur/chapter/7i0OH5B/"
        },
        "last_updated": "0"
     },
      "7": {
        "title": "",
        "volume": "1",
        "groups": {
          "KaguraScans": "/proxy/api/imgur/chapter/ESpEbY6/"
        },
        "last_updated": "0"
      },
      "8": { 
        "title": "",
        "volume": "1",
        "groups": {
          "KaguraScans": "/proxy/api/imgur/chapter/vnzckMD/"
        },
        "last_updated": "0"
       },
      "9": {
        "title": "",
        "volume": "1",
        "groups": {
          "KaguraScans": "/proxy/api/imgur/chapter/mKPY8hq/"
        },
        "last_updated": "0"
     },
      "10": {
        "title": "",
        "volume": "1",
        "groups": {
          "KaguraScans": "/proxy/api/imgur/chapter/LripMan/"
        },
        "last_updated": "0"  
       },
      "11": { 
        "title": "",
        "volume": "1",
        "groups": {
          "KaguraScans": "/proxy/api/imgur/chapter/TwJxetC/"
        },
        "last_updated": "0"
       },
      "12": {
        "title": "",
        "volume": "1",
        "groups": {
          "KaguraScans": "/proxy/api/imgur/chapter/FTwM4Dh/"
        },
        "last_updated": "0"
     },
      "13": {
        "title": "",
        "volume": "1",
        "groups": {
          "KaguraScans": "/proxy/api/imgur/chapter/oDBRT7S/"
        },
        "last_updated": "0" 
       },
      "14": { 
        "title": "",
        "volume": "1",
        "groups": {
          "KaguraScans": "/proxy/api/imgur/chapter/Xfe3QkW/"
        },
        "last_updated": "0"
       },
      "15": {
        "title": "",
        "volume": "1",
        "groups": {
          "KaguraScans": "/proxy/api/imgur/chapter/lCF7ddR/"
        },
        "last_updated": "0"
     },
      "16": {
        "title": "",
        "volume": "1",
        "groups": {
          "KaguraScans": "/proxy/api/imgur/chapter/MohWRw9/"
        },
        "last_updated": "0"
       },
      "17": { 
        "title": "",
        "volume": "1",
        "groups": {
          "KaguraScans": "/proxy/api/imgur/chapter/GoY3lar/"
        },
        "last_updated": "0"
       },
      "18": {
        "title": "",
        "volume": "1",
        "groups": {
          "KaguraScans": "/proxy/api/imgur/chapter/JaOEnGq/"
        },
        "last_updated": "0"
     },
      "19": {
        "title": "",
        "volume": "1",
        "groups": {
          "KaguraScans": "/proxy/api/imgur/chapter/9aPix0W/"
        },
        "last_updated": "0"
      },
      "20": { 
        "title": "",
        "volume": "1",
        "groups": {
          "KaguraScans": "/proxy/api/imgur/chapter/yPgthHw/"
        },
        "last_updated": "0"
       },
      "21": {
        "title": "",
        "volume": "1",
        "groups": {
          "KaguraScans": "/proxy/api/imgur/chapter/pIWl0EK/"
        },
        "last_updated": "0"
     },
      "22": {
        "title": "",
        "volume": "1",
        "groups": {
          "KaguraScans": "/proxy/api/imgur/chapter/c2dyGLZ/"
        },
        "last_updated": "0"  
       },
      "23": { 
        "title": "",
        "volume": "1",
        "groups": {
          "KaguraScans": "/proxy/api/imgur/chapter/lvpVFHv/"
        },
        "last_updated": "0"
       },
      "24": {
        "title": "",
        "volume": "1",
        "groups": {
          "KaguraScans": "/proxy/api/imgur/chapter/Buarayd/"
        },
        "last_updated": "0"
     },
      "25": {
        "title": "",
        "volume": "1",
        "groups": {
          "KaguraScans": "/proxy/api/imgur/chapter/2DF2EhR/"
        },
        "last_updated": "0"
      },
      "26": { 
        "title": "",
        "volume": "1",
        "groups": {
          "KaguraScans": "/proxy/api/imgur/chapter/TTzC0tx/"
        },
        "last_updated": "0"
       },
      "27": {
        "title": "",
        "volume": "1",
        "groups": {
          "KaguraScans": "/proxy/api/imgur/chapter/WRGu5Ba/"
        },
        "last_updated": "0"
     },
      "28": {
        "title": "",
        "volume": "1",
        "groups": {
          "KaguraScans": "/proxy/api/imgur/chapter/aFyWsiy/"
        },
        "last_updated": "0"  
       },
      "29": { 
        "title": "",
        "volume": "1",
        "groups": {
          "KaguraScans": "/proxy/api/imgur/chapter/wj0jjhJ/"
        },
        "last_updated": "0"
       },
      "30": {
        "title": "",
        "volume": "1",
        "groups": {
          "KaguraScans": "/proxy/api/imgur/chapter/jDx1gSy/"
        },
        "last_updated": "0"
     },
      "31": {
        "title": "",
        "volume": "1",
        "groups": {
          "KaguraScans": "/proxy/api/imgur/chapter/rVS4DV9/"
        },
        "last_updated": "0"  
         },
      "32": { 
        "title": "",
        "volume": "1",
        "groups": {
          "KaguraScans": "/proxy/api/imgur/chapter/O691xv2/"
        },
        "last_updated": "0"
       },
      "33": {
        "title": "",
        "volume": "1",
        "groups": {
          "KaguraScans": "/proxy/api/imgur/chapter/2AQer6f/"
        },
        "last_updated": "0"
     },
      "34": {
        "title": "",
        "volume": "1",
        "groups": {
          "KaguraScans": "/proxy/api/imgur/chapter/zKrE4zu/"
        },
        "last_updated": "0" 
       },
      "35": { 
        "title": "",
        "volume": "1",
        "groups": {
          "KaguraScans": "/proxy/api/imgur/chapter/x3o34P3/"
        },
        "last_updated": "0"
       },
      "36": {
        "title": "",
        "volume": "1",
        "groups": {
          "KaguraScans": "/proxy/api/imgur/chapter/EVxBuja/"
        },
        "last_updated": "0"
     },
      "37": {
        "title": "",
        "volume": "1",
        "groups": {
          "KaguraScans": "/proxy/api/imgur/chapter/Cmu2LDw/"
        },
        "last_updated": "0"
       },
      "38": { 
        "title": "",
        "volume": "1",
        "groups": {
          "KaguraScans": "/proxy/api/imgur/chapter/9OgQhLD/"
        },
        "last_updated": "0"
       },
      "39": {
        "title": "",
        "volume": "1",
        "groups": {
          "KaguraScans": "/proxy/api/imgur/chapter/kd9rZtA/"
        },
        "last_updated": "0"
     },
      "40": {
        "title": "",
        "volume": "1",
        "groups": {
          "KaguraScans": "/proxy/api/imgur/chapter/dHYkH8v/"
        },
        "last_updated": "0" 
       },
      "41": {
        "title": "",
        "volume": "1",
        "groups": {
          "KaguraScans": "/proxy/api/imgur/chapter/jrZ4oCY/"
        },
        "last_updated": "0"
     },
      "42": {
        "title": "",
        "volume": "1",
        "groups": {
          "KaguraScans": "/proxy/api/imgur/chapter/dkp75zo/"
        },
        "last_updated": "0"
        },
      "43": {
        "title": "",
        "volume": "1",
        "groups": {
          "KaguraScans": "/proxy/api/imgur/chapter/IDt03nn/"
        },
        "last_updated": "0" 
           },
      "44": {
        "title": "",
        "volume": "1",
        "groups": {
          "KaguraScans": "/proxy/api/imgur/chapter/Mmq34qc/"
        },
        "last_updated": "0" 
          },
      "45": {
        "title": "",
        "volume": "1",
        "groups": {
          "KaguraScans": "/proxy/api/imgur/chapter/qqZY1MM/"
        },
        "last_updated": "0"  
        },
      "46": {
        "title": "",
        "volume": "1",
        "groups": {
          "KaguraScans": "/proxy/api/imgur/chapter/UejMcLU/"
        },
        "last_updated": "0"  
           },
      "47": {
        "title": "",
        "volume": "1",
        "groups": {
          "KaguraScans": "/proxy/api/imgur/chapter/sp56Pej/"
        },
        "last_updated": "0"    
            },
      "48": {
        "title": "",
        "volume": "1",
        "groups": {
          "KaguraScans": "/proxy/api/imgur/chapter/Le9Idvu/"
        },
        "last_updated": "0" 
                },
      "49": {
        "title": "",
        "volume": "1",
        "groups": {
          "KaguraScans": "/proxy/api/imgur/chapter/RlIQqpu/"
        },
        "last_updated": "0"       
      }     
    }
  }
