{
"title": "Martial Peak",
    "description": "Tak szczerze, nie wiem o czym to jest, ale chyba o kultywacji.",
    "artist": "",
    "author": "",
    "cover": "https://martialscans.com/public/martial-peak/cover/563eceba-b8ba-4978-8402-01beaead47b1-mp.jpg",
    "chapters": {
      "1": {
        "title": "",
        "volume": "1",
        "groups": {
          "KaguraScans": "/proxy/api/imgur/chapter/X7gHXCc/"
        }, 
        "last_updated": "0"
      },
      "2": { 
        "title": "",
        "volume": "1",
        "groups": {
          "KaguraScans": "/proxy/api/imgur/chapter/Z7ENTID/"
        },
        "last_updated": "0"
       },
      "3": {
        "title": "",
        "volume": "1",
        "groups": {
          "KaguraScans": "/proxy/api/imgur/chapter/GFLD4gC/"
        },
        "last_updated": "0"
     },
      "4": {
        "title": "",
        "volume": "1",
        "groups": {
          "KaguraScans": "/proxy/api/imgur/chapter/Ry5ROcn/"
        },
        "last_updated": "0"
       },
      "5": { 
        "title": "",
        "volume": "1",
        "groups": {
          "KaguraScans": "/proxy/api/imgur/chapter/cTrqQIA/"
        },
        "last_updated": "0"
       },
      "6": {
        "title": "",
        "volume": "1",
        "groups": {
          "KaguraScans": "/proxy/api/imgur/chapter/XXb2PZy/"
        },
        "last_updated": "0"
     },
      "7": {
        "title": "",
        "volume": "1",
        "groups": {
          "KaguraScans": "/proxy/api/imgur/chapter/nawJhKU/"
        },
        "last_updated": "0"
      },
      "8": { 
        "title": "",
        "volume": "1",
        "groups": {
          "KaguraScans": "/proxy/api/imgur/chapter/Xtt1VKV/"
        },
        "last_updated": "0"
       },
      "9": {
        "title": "",
        "volume": "1",
        "groups": {
          "KaguraScans": "/proxy/api/imgur/chapter/LjJO4Ci/"
        },
        "last_updated": "0"
     },
      "10": {
        "title": "",
        "volume": "1",
        "groups": {
          "KaguraScans": "/proxy/api/imgur/chapter/Ncb2qNM/"
        },
        "last_updated": "0"  
       },
      "11": { 
        "title": "",
        "volume": "1",
        "groups": {
          "KaguraScans": "/proxy/api/imgur/chapter/lXCatRJ/"
        },
        "last_updated": "0"
       },
      "12": {
        "title": "",
        "volume": "1",
        "groups": {
          "KaguraScans": "/proxy/api/imgur/chapter/fnX1yYa/"
        },
        "last_updated": "0"
     },
      "13": {
        "title": "",
        "volume": "1",
        "groups": {
          "KaguraScans": "/proxy/api/imgur/chapter/afm8OZn/"
        },
        "last_updated": "0" 
       },
      "14": { 
        "title": "",
        "volume": "1",
        "groups": {
          "KaguraScans": "/proxy/api/imgur/chapter/75XHMk7/"
        },
        "last_updated": "0"
       },
      "15": {
        "title": "",
        "volume": "1",
        "groups": {
          "KaguraScans": "/proxy/api/imgur/chapter/bZBHKvU/"
        },
        "last_updated": "0"
     },
      "16": {
        "title": "",
        "volume": "1",
        "groups": {
          "KaguraScans": "/proxy/api/imgur/chapter/JGLdwH9/"
        },
        "last_updated": "0"
       },
      "17": { 
        "title": "",
        "volume": "1",
        "groups": {
          "KaguraScans": "/proxy/api/imgur/chapter/qkD3BuM/"
        },
        "last_updated": "0"
       },
      "18": {
        "title": "",
        "volume": "1",
        "groups": {
          "KaguraScans": "/proxy/api/imgur/chapter/gKKiOhF/"
        },
        "last_updated": "0"
     },
      "19": {
        "title": "",
        "volume": "1",
        "groups": {
          "KaguraScans": "/proxy/api/imgur/chapter/5eOvvA2/"
        },
        "last_updated": "0"
      },
      "20": { 
        "title": "",
        "volume": "1",
        "groups": {
          "KaguraScans": "/proxy/api/imgur/chapter/33M7YAk/"
        },
        "last_updated": "0"
       },
      "21": {
        "title": "",
        "volume": "1",
        "groups": {
          "KaguraScans": "/proxy/api/imgur/chapter/i3aNxkN/"
        },
        "last_updated": "0"
     },
      "22": {
        "title": "",
        "volume": "1",
        "groups": {
          "KaguraScans": "/proxy/api/imgur/chapter/kYmqyRy/"
        },
        "last_updated": "0"  
       },
      "23": { 
        "title": "",
        "volume": "1",
        "groups": {
          "KaguraScans": "/proxy/api/imgur/chapter/gBfaE7J/"
        },
        "last_updated": "0"
       },
      "24": {
        "title": "",
        "volume": "1",
        "groups": {
          "KaguraScans": "/proxy/api/imgur/chapter/8Unr0aW/"
        },
        "last_updated": "0"
     },
      "25": {
        "title": "",
        "volume": "1",
        "groups": {
          "KaguraScans": "/proxy/api/imgur/chapter/7Zwkgfh/"
        },
        "last_updated": "0"
      },
      "26": { 
        "title": "",
        "volume": "1",
        "groups": {
          "KaguraScans": "/proxy/api/imgur/chapter/apJiuQC/"
        },
        "last_updated": "0"
       },
      "27": {
        "title": "",
        "volume": "1",
        "groups": {
          "KaguraScans": "/proxy/api/imgur/chapter/6IwPoTy/"
        },
        "last_updated": "0"
     },
      "28": {
        "title": "",
        "volume": "1",
        "groups": {
          "KaguraScans": "/proxy/api/imgur/chapter/0vj1WOv/"
        },
        "last_updated": "0"  
       },
      "29": { 
        "title": "",
        "volume": "1",
        "groups": {
          "KaguraScans": "/proxy/api/imgur/chapter/O4T0Doz/"
        },
        "last_updated": "0"
       },
      "30": {
        "title": "",
        "volume": "1",
        "groups": {
          "KaguraScans": "/proxy/api/imgur/chapter/TeaLDJW/"
        },
        "last_updated": "0"
     },
      "31": {
        "title": "",
        "volume": "1",
        "groups": {
          "KaguraScans": "/proxy/api/imgur/chapter/IXpD0b7/"
        },
        "last_updated": "0"  
         },
      "32": { 
        "title": "",
        "volume": "1",
        "groups": {
          "KaguraScans": "/proxy/api/imgur/chapter/3xQ6sQZ/"
        },
        "last_updated": "0"
       },
      "33": {
        "title": "",
        "volume": "1",
        "groups": {
          "KaguraScans": "/proxy/api/imgur/chapter/HDhn1Vc/"
        },
        "last_updated": "0"
     },
      "34": {
        "title": "",
        "volume": "1",
        "groups": {
          "KaguraScans": "/proxy/api/imgur/chapter/sOlpdA8/"
        },
        "last_updated": "0" 
       },
      "35": { 
        "title": "",
        "volume": "1",
        "groups": {
          "KaguraScans": "/proxy/api/imgur/chapter/1SqJsFB/"
        },
        "last_updated": "0"
       },
      "36": {
        "title": "",
        "volume": "1",
        "groups": {
          "KaguraScans": "/proxy/api/imgur/chapter/axlRzXJ/"
        },
        "last_updated": "0"
     },
      "37": {
        "title": "",
        "volume": "1",
        "groups": {
          "KaguraScans": "/proxy/api/imgur/chapter/kjpuK6d/"
        },
        "last_updated": "0"
       },
      "38": { 
        "title": "",
        "volume": "1",
        "groups": {
          "KaguraScans": "/proxy/api/imgur/chapter/e3RJOxb/"
        },
        "last_updated": "0"
       },
      "39": {
        "title": "",
        "volume": "1",
        "groups": {
          "KaguraScans": "/proxy/api/imgur/chapter/2WyBMXi/"
        },
        "last_updated": "0"
     },
      "40": {
        "title": "",
        "volume": "1",
        "groups": {
          "KaguraScans": "/proxy/api/imgur/chapter/eSjuBBB/"
        },
        "last_updated": "0" 
       },
      "41": {
        "title": "",
        "volume": "1",
        "groups": {
          "KaguraScans": "/proxy/api/imgur/chapter/3LJdEHc/"
        },
        "last_updated": "0"  
         },
      "42": { 
        "title": "",
        "volume": "1",
        "groups": {
          "KaguraScans": "/proxy/api/imgur/chapter/GaPKIO5/"
        },
        "last_updated": "0"
       },
      "43": {
        "title": "",
        "volume": "1",
        "groups": {
          "KaguraScans": "/proxy/api/imgur/chapter/UXgpuyp/"
        },
        "last_updated": "0"
     },
      "44": {
        "title": "",
        "volume": "1",
        "groups": {
          "KaguraScans": "/proxy/api/imgur/chapter/pvwCB67/"
        },
        "last_updated": "0" 
       },
      "45": { 
        "title": "",
        "volume": "1",
        "groups": {
          "KaguraScans": "/proxy/api/imgur/chapter/ftjocXw/"
        },
        "last_updated": "0"
       },
      "46": {
        "title": "",
        "volume": "1",
        "groups": {
          "KaguraScans": "/proxy/api/imgur/chapter/9Fj6XeD/"
        },
        "last_updated": "0"
     },
      "47": {
        "title": "",
        "volume": "1",
        "groups": {
          "KaguraScans": "/proxy/api/imgur/chapter/HmtKQLA/"
        },
        "last_updated": "0"
       },
      "48": { 
        "title": "",
        "volume": "1",
        "groups": {
          "KaguraScans": "/proxy/api/imgur/chapter/clsBMVj/"
        },
        "last_updated": "0"
       },
      "49": {
        "title": "",
        "volume": "1",
        "groups": {
          "KaguraScans": "/proxy/api/imgur/chapter/sPEOyep/"
        },
        "last_updated": "0"
     },
      "50": {
        "title": "",
        "volume": "1",
        "groups": {
          "KaguraScans": "/proxy/api/imgur/chapter/yxHDqou/"
        },
        "last_updated": "0" 
        },
      "51": {
        "title": "",
        "volume": "1",
        "groups": {
          "KaguraScans": "/proxy/api/imgur/chapter/56SXZy2/"
        },
        "last_updated": "0"
        },
      "52": {
        "title": "",
        "volume": "1",
        "groups": {
          "KaguraScans": "/proxy/api/imgur/chapter/XqL4zvH/"
        },
        "last_updated": "0"
        },
      "53": {
        "title": "",
        "volume": "1",
        "groups": {
          "KaguraScans": "/proxy/api/imgur/chapter/GFLD4gC/"
         },
        "last_updated": "0"    
         },
      "54": {
        "title": "",
        "volume": "1",
        "groups": {
          "KaguraScans": "/proxy/api/imgur/chapter/ShWveqW/"
        },
        "last_updated": "0"  
        },
      "55": {
        "title": "",
        "volume": "1",
        "groups": {
          "KaguraScans": "/proxy/api/imgur/chapter/XGMAFEp/"
        },
        "last_updated": "0"  
        },
        "56": {
        "title": "",
        "volume": "1",
        "groups": {
          "KaguraScans": "/proxy/api/imgur/chapter/PsVhXxk/"
        },
        "last_updated": "0"  
        },
        "57": {
        "title": "",
        "volume": "1",
        "groups": {
          "KaguraScans": "/proxy/api/imgur/chapter/a1iJCXB/"
        },
        "last_updated": "0" 
        },
        "58": {
        "title": "",
        "volume": "1",
        "groups": {
          "KaguraScans": "/proxy/api/imgur/chapter/KrXaWKr/"
        },
        "last_updated": "0" 
        },
        "59": {
        "title": "",
        "volume": "1",
        "groups": {
          "KaguraScans": "/proxy/api/imgur/chapter/bjqKQnp/"
        },
        "last_updated": "0"  
        },
        "60": {
        "title": "",
        "volume": "1",
        "groups": {
          "KaguraScans": "/proxy/api/imgur/chapter/S2k9GRM/"
        },
        "last_updated": "0"   
        },
        "61": {
        "title": "",
        "volume": "1",
        "groups": {
          "KaguraScans": "/proxy/api/imgur/chapter/mJ8F2Bb/"
        },
        "last_updated": "0"  
        },
        "62": {
        "title": "",
        "volume": "1",
        "groups": {
          "KaguraScans": "/proxy/api/imgur/chapter/7cA8cza/"
        },
        "last_updated": "0"
        },
        "63": {
        "title": "",
        "volume": "1",
        "groups": {
          "KaguraScans": "/proxy/api/imgur/chapter/QCsXhs6/"
        },
        "last_updated": "0"  
        },
        "64": {
        "title": "",
        "volume": "1",
        "groups": {
          "KaguraScans": "/proxy/api/imgur/chapter/QgPOmGT/"
        },
        "last_updated": "0"  
        },
        "65": {
        "title": "",
        "volume": "1",
        "groups": {
          "KaguraScans": "/proxy/api/imgur/chapter/2rCaDC4/"
        },
        "last_updated": "0"  
        },
        "66": {
        "title": "",
        "volume": "1",
        "groups": {
          "KaguraScans": "/proxy/api/imgur/chapter/GNuOTq9/"
        },
        "last_updated": "0"  
        },
        "67": {
        "title": "",
        "volume": "1",
        "groups": {
          "KaguraScans": "/proxy/api/imgur/chapter/KDvIanb/"
        },
        "last_updated": "0"  
        },
        "68": {
        "title": "",
        "volume": "1",
        "groups": {
          "KaguraScans": "/proxy/api/imgur/chapter/smOFXrf/"
        },
        "last_updated": "0" 
        },
         "69": {
        "title": "",
        "volume": "1",
        "groups": {
          "KaguraScans": "/proxy/api/imgur/chapter/k7V394u/"
        },
        "last_updated": "0"  
        },
        "70": {
        "title": "",
        "volume": "1",
        "groups": {
          "KaguraScans": "/proxy/api/imgur/chapter/e8Nn9wr/"
        },
        "last_updated": "0"                   
      }   
    }
  }
