{
"title": "Omniscient Reader's Viewpoint",
    "description": "Świat, który Dokja znał ze swojej ulubionej nowelki nagle stał się rzeczywistością, a on został jedynym czytenikiem, który wiedział jak zakończy się ta historia.",
    "artist": "",
    "author": "",
    "cover": "https://i3.wp.com/flamescans.org/eternalflame/2021/01/ORV-cover-1.jpg",
    "chapters": {
        "0": {
        "title": "",
        "volume": "1",
        "groups": {
          "KaguraScans": "/proxy/api/imgur/chapter/tgQHIhI/"
        }, 
        "last_updated": "0"
          },
      "33": { 
        "title": "",
        "volume": "1",
        "groups": {
          "KaguraScan": "/proxy/api/imgur/chapter/v0FpuyO/"
        },
        "last_updated": "0"      
         }    
    }
  }

  
