{
"title": "Death is the Only Ending for the Villainess",
    "description": "Główna bohaterka budzi się jako antagonistka z gry otome, adoptowana córka diuka, Penelope Eckart. W świecie, w którym nieustannie czyhają na nią flagi śmierci, kierując się znajomością fabuły, dziewczyna musi przebrnąć przez scenariusze i wyrwać się z błędnego koła śmierci przed pojawieniem się protagonistki, prawdziwej córki diuka, Yvonne Eckart.",
    "artist": "",
    "author": "",
    "cover": "https://topmanhua.com/wp-content/uploads/2020/05/post_72511_image.jpg",
    "chapters": {
      "0": {
        "title": "",
        "volume": "1",
        "groups": {
          "KaguraScans": "/proxy/api/imgur/chapter/Ch4qAT3/"
        }, 
        "last_updated": "0"
      },
        "1": {
        "title": "",
        "volume": "1",
        "groups": {
          "KaguraScans": "/proxy/api/imgur/chapter/EkHmInA/"
        }, 
        "last_updated": "0" 
      },
      "2": { 
        "title": "",
        "volume": "1",
        "groups": {
          "KaguraScans": "/proxy/api/imgur/chapter/qRcmdqE/"
        },
        "last_updated": "0"
       },
      "3": {
        "title": "",
        "volume": "1",
        "groups": {
          "KaguraScans": "/proxy/api/imgur/chapter/UQ7bSGC/"
        },
        "last_updated": "0"
     },
      "4": {
        "title": "",
        "volume": "1",
        "groups": {
          "KaguraScans": "/proxy/api/imgur/chapter/bkOTAUd/"
        },
        "last_updated": "0"
       },
      "5": { 
        "title": "",
        "volume": "1",
        "groups": {
          "KaguraScans": "/proxy/api/imgur/chapter/VW0mE8g/"
        },
        "last_updated": "0"
       },
      "6": {
        "title": "",
        "volume": "1",
        "groups": {
          "KaguraScans": "/proxy/api/imgur/chapter/ZLll5s5/"
        },
        "last_updated": "0"
     },
      "7": {
        "title": "",
        "volume": "1",
        "groups": {
          "KaguraScans": "/proxy/api/imgur/chapter/ROwQtbh/"
        },
        "last_updated": "0"
      },
      "8": { 
        "title": "",
        "volume": "1",
        "groups": {
          "KaguraScans": "/proxy/api/imgur/chapter/hXeZkwq/"
        },
        "last_updated": "0"
      },
      "9": { 
        "title": "",
        "volume": "1",
        "groups": {
          "KaguraScans": "/proxy/api/imgur/chapter/zLS5Ot2/"
        },
        "last_updated": "0"
       },
      "10": {
        "title": "",
        "volume": "1",
        "groups": {
          "KaguraScans": "/proxy/api/imgur/chapter/6htzIPv/"
        },
        "last_updated": "0"   
       },
      "11": { 
        "title": "",
        "volume": "1",
        "groups": {
          "KaguraScans": "/proxy/api/imgur/chapter/cPrFYd6/"
        },
        "last_updated": "0"
       },
       "12": {
        "title": "",
        "volume": "1",
        "groups": {
          "KaguraScans": "/proxy/api/imgur/chapter/RFyEh9S/"
        },
        "last_updated": "0"
        },
       "13": {
        "title": "",
        "volume": "1",
        "groups": {
          "KaguraScans": "/proxy/api/imgur/chapter/MB5lrlQ/"
        },
        "last_updated": "0"  
       },
       "14": {
        "title": "",
        "volume": "1",
        "groups": {
          "KaguraScans": "/proxy/api/imgur/chapter/n0JGppO/"
        },
        "last_updated": "0"
        },
       "15": {
        "title": "",
        "volume": "1",
        "groups": {
          "KaguraScans": "/proxy/api/imgur/chapter/xpqPKMM/"
        },
        "last_updated": "0" 
         },
       "16": {
        "title": "",
        "volume": "1",
        "groups": {
          "KaguraScans": "/proxy/api/imgur/chapter/1H0e6kp/"
        },
        "last_updated": "0"   
       }   
    }
  }
