{
    "title": "Poison Dragon: The Legend of an Asura",
    "description": "Trująca sekta atakuje medyczne sekty, a w wyniku przypadkowego splotu wydarzeń ciało Jina Jaganga, członka medycznej sekty białego kwiatu, staje żywą trucizną.",
    "artist": "",
    "author": "",
    "cover": "https://latestmanga.net/wp-content/uploads/2021/03/poison-dragon-the-legend-of-an-asura.jpg",
    "chapters": {
      "0": {
        "title": "",
        "volume": "1",
        "groups": {
          "KaguraScans": "/proxy/api/imgur/chapter/h4UmScd"
        },
        "last_updated": "0"
       },
      "1": {
        "title": "",
        "volume": "1",
        "groups": {
          "KaguraScans": "/proxy/api/imgur/chapter/8mQw1CO"
        }, 
        "last_updated": "0"
      },
      "2": {
        "title": "",
        "volume": "1",
        "groups": {
          "KaguraScans": "/proxy/api/imgur/chapter/4IPzq0B"
        },
        "last_updated": "0"
       },
      "3": {
        "title": "",
        "volume": "1",
        "groups": {
          "KaguraScans": "/proxy/api/imgur/chapter/JoHHO39"
        },
        "last_updated": "0"
     },
      "4": {
        "title": "",
        "volume": "1",
        "groups": {
          "KaguraScans": "/proxy/api/imgur/chapter/IBDuknI"
        },
        "last_updated": "0"
         },
      "5": {
        "title": "",
        "volume": "1",
        "groups": {
          "KaguraScans": "/proxy/api/imgur/chapter/tty6spP"
        },
        "last_updated": "0"
          },
      "6": {
        "title": "",
        "volume": "1",
        "groups": {
          "KaguraScans": "/proxy/api/imgur/chapter/8BBL2Ga"
        },
        "last_updated": "0"
         },
      "7": {
        "title": "",
        "volume": "1",
        "groups": {
          "KaguraScans": "/proxy/api/imgur/chapter/PfzZUvW"
        },
        "last_updated": "0" 
            },
      "8": {
        "title": "",
        "volume": "1",
        "groups": {
          "KaguraScans": "/proxy/api/imgur/chapter/vi3P5aK"
        },
        "last_updated": "0"
         },
      "9": {
        "title": "",
        "volume": "1",
        "groups": {
          "KaguraScans": "/proxy/api/imgur/chapter/6bYrml9"
        },
        "last_updated": "0" 
                  },
      "10": {
        "title": "",
        "volume": "1",
        "groups": {
          "KaguraScans": "/proxy/api/imgur/chapter/g6DPDMf"
        },
        "last_updated": "0"
         },
      "11": {
        "title": "",
        "volume": "1",
        "groups": {
          "KaguraScans": "/proxy/api/imgur/chapter/hm7Tfhb"
        },
        "last_updated": "0" 
      }    
    }
  }
