{
  "title": "Remarried Empress",
  "description": "Opis: Cesarzowa Navier zostaje odtrącona przez swojego męża na rzecz Rashty, byłej niewolnicy, która zostaje jego kochanką. W międzyczasie poznaje księcia sąsiedniego kraju, który zaczyna zabiegać o jej względy.",
  "artist": "TBD",
  "author": "Jaehon hwanghu",
  "cover": "https://static.wikia.nocookie.net/the-remarried-empress/images/5/54/Naver_Cover.png",
  "chapters": {
    "1": {
      "title": "",
      "volume": "1",
      "groups": {
        "KaguraScans": "/proxy/api/imgur/chapter/OFgC4TI/"
      },
      "last_updated": "0"
      },
      "2": { 
        "title": "",
        "volume": "1",
        "groups": {
          "KaguraScans": "/proxy/api/imgur/chapter/lPbAGFG/"
        },
        "last_updated": "0" 
        },
      "3": { 
        "title": "",
        "volume": "1",
        "groups": {
          "KaguraScans": "/proxy/api/imgur/chapter/TkvaPrS/"
        },
        "last_updated": "0"     
    }
  }
}
