{
  "title": "Solo Spell Caster",
  "description": "Zwykły pracownik biurowy Park Do-Hyuk, w końcu stał się przebudzonym, którym zawsze marzył zostać! Niewiarygodne, że wspomnienia i doświadczenie z gry, w której spędził całe swoje dwudziestokilkuletnie życie, stały się mocą przebudzenia! Co więcej, było to 'potrójne przebudzenie', jedno na miliard! Niezwykła podróż gracza, Park Do-Hyuka, w której dąży do bycia najlepszym na świecie, właśnie się zaczyna!",
  "artist": "TBD",
  "author": "TBD",
  "cover": "https://cdn.discordapp.com/attachments/782266169935003669/828379143536115783/00d7458f43cc6a77e17c2efb9c552d15.jpg",
  "chapters": {
     "1": {
      "title": "",
      "volume": "1",
      "groups": {
        "KaguraScans": "/proxy/api/imgur/chapter/GvH66xF/"
      },
      "last_updated": "0"
    },
    "2": {
      "title": "",
      "volume": "1",
      "groups": {
        "KaguraScans": "/proxy/api/imgur/chapter/zpgS76s/"
      },
      "last_updated": "0"
    },
    "3": {
      "title": "",
      "volume": "1",
      "groups": {
        "KaguraScans": "/proxy/api/imgur/chapter/7LfdZK7/"
      },
      "last_updated": "0"
     },
    "4": {
      "title": "",
      "volume": "1",
      "groups": {
        "KaguraScans": "/proxy/api/imgur/chapter/jMTSQ1c/"
      },
      "last_updated": "0"
      },
    "5": {
      "title": "",
      "volume": "1",
      "groups": {
        "KaguraScans": "/proxy/api/imgur/chapter/rNp17cV/"
      },
      "last_updated": "0"
     },
    "6": {
      "title": "",
      "volume": "1",
      "groups": {
        "KaguraScans": "/proxy/api/imgur/chapter/Mg7BbE6/"
      },
      "last_updated": "0"
     },
    "7": {
      "title": "",
      "volume": "1",
      "groups": {
        "KaguraScans": "/proxy/api/imgur/chapter/vAkf7Hg/"
      },
      "last_updated": "0" 
     },
    "8": {
      "title": "",
      "volume": "1",
      "groups": {
        "KaguraScans": "/proxy/api/imgur/chapter/WtG1Jx2/"
      },
      "last_updated": "0" 
       },
    "9": {
      "title": "",
      "volume": "1",
      "groups": {
        "KaguraScans": "/proxy/api/imgur/chapter/QAqTIQR/"
      },
      "last_updated": "0" 
     },
    "10": {
      "title": "",
      "volume": "1",
      "groups": {
        "KaguraScans": "/proxy/api/imgur/chapter/71p6xyZ/"
      },
      "last_updated": "0" 
      },
    "11": {
      "title": "",
      "volume": "1",
      "groups": {
        "KaguraScans": "/proxy/api/imgur/chapter/hZKbG6h/"
      },
      "last_updated": "0" 
     },
    "12": {
      "title": "",
      "volume": "1",
      "groups": {
        "KaguraScans": "/proxy/api/imgur/chapter/d6H0IYc/"
      },
      "last_updated": "0" 
      },
    "13": {
      "title": "",
      "volume": "1",
      "groups": {
        "KaguraScans": "/proxy/api/imgur/chapter/PLEGSnf/"
      },
      "last_updated": "0" 
    },
       "14": {
      "title": "",
      "volume": "1",
      "groups": {
        "KaguraScans": "/proxy/api/imgur/chapter/ceuDBk3/"
      },
      "last_updated": "0"
    },
    "15": {
      "title": "",
      "volume": "1",
      "groups": {
        "KaguraScans": "/proxy/api/imgur/chapter/ZhFBsnT/"
      },
      "last_updated": "0"
    },
    "16": {
      "title": "",
      "volume": "1",
      "groups": {
        "KaguraScans": "/proxy/api/imgur/chapter/ODxVl9s/"
      },
      "last_updated": "0"
     },
    "17": {
      "title": "",
      "volume": "1",
      "groups": {
        "KaguraScans": "/proxy/api/imgur/chapter/bkH00nA/"
      },
      "last_updated": "0"
      },
    "18": {
      "title": "",
      "volume": "1",
      "groups": {
        "KaguraScans": "/proxy/api/imgur/chapter/PGMyFWR/"
      },
      "last_updated": "0"
     },
    "19": {
      "title": "",
      "volume": "1",
      "groups": {
        "KaguraScans": "/proxy/api/imgur/chapter/MzNq1Y9/"
      },
      "last_updated": "0"
     },
    "20": {
      "title": "",
      "volume": "1",
      "groups": {
        "KaguraScans": "/proxy/api/imgur/chapter/14W8YkW/"
      },
      "last_updated": "0" 
     },
    "21": {
      "title": "",
      "volume": "1",
      "groups": {
        "KaguraScans": "/proxy/api/imgur/chapter/jZtjopL/"
      },
      "last_updated": "0" 
       },
    "22": {
      "title": "",
      "volume": "1",
      "groups": {
        "KaguraScans": "/proxy/api/imgur/chapter/MkPN6xT/"
      },
      "last_updated": "0" 
     },
    "23": {
      "title": "",
      "volume": "1",
      "groups": {
        "KaguraScans": "/proxy/api/imgur/chapter/1Ykd15b/"
      },
      "last_updated": "0" 
      },
    "24": {
      "title": "",
      "volume": "1",
      "groups": {
        "KaguraScans": "/proxy/api/imgur/chapter/1BFCrXT/"
      },
      "last_updated": "0" 
     },
     "25": {
      "title": "",
      "volume": "1",
      "groups": {
        "KaguraScans": "/proxy/api/imgur/chapter/izVtaDr/"
      },
      "last_updated": "0" 
     },
    "26": {
      "title": "",
      "volume": "1",
      "groups": {
        "KaguraScans": "/proxy/api/imgur/chapter/QaZmFwG/"
      },
      "last_updated": "0" 
      },
    "27": {
      "title": "",
      "volume": "1",
      "groups": {
        "KaguraScans": "/proxy/api/imgur/chapter/OC9hgXd/"
      },
      "last_updated": "0" 
     },
     "28": {
      "title": "",
      "volume": "1",
      "groups": {
        "KaguraScans": "/proxy/api/imgur/chapter/DWiFOU1/"
      },
      "last_updated": "0" 
     },
    "29": {
      "title": "",
      "volume": "1",
      "groups": {
        "KaguraScans": "/proxy/api/imgur/chapter/E8kfBxs/"
      },
      "last_updated": "0"
    },
    "30": {
      "title": "",
      "volume": "1",
      "groups": {
        "KaguraScans": "/proxy/api/imgur/chapter/LJf2GHB/"
      },
      "last_updated": "0"
    },
    "31": {
      "title": "",
      "volume": "1",
      "groups": {
        "KaguraScans": "/proxy/api/imgur/chapter/F64sgJD/"
      },
      "last_updated": "0"
    },
    "32": {
      "title": "",
      "volume": "1",
      "groups": {
        "KaguraScans": "/proxy/api/imgur/chapter/pkJ1nIQ/"
      },
      "last_updated": "0"
     },
    "33": {
      "title": "",
      "volume": "1",
      "groups": {
        "KaguraScans": "/proxy/api/imgur/chapter/pxTnGjr/"
      },
      "last_updated": "0"
    },
    "34": {
      "title": "",
      "volume": "1",
      "groups": {
        "KaguraScans": "/proxy/api/imgur/chapter/jy2tngZ/"
      },
      "last_updated": "0"
    },
    "35": {
      "title": "",
      "volume": "1",
      "groups": {
        "KaguraScans": "/proxy/api/imgur/chapter/mbIgmzm/"
      },
      "last_updated": "0"
    },
    "36": {
      "title": "",
      "volume": "1",
      "groups": {
        "KaguraScans": "/proxy/api/imgur/chapter/SLhQkUi/"
      },
      "last_updated": "0"  
     },
    "37": {
      "title": "",
      "volume": "1",
      "groups": {
        "KaguraScans": "/proxy/api/imgur/chapter/SkZt4ev/"
      },
      "last_updated": "0"   
      },
    "38": {
      "title": "",
      "volume": "1",
      "groups": {
        "KaguraScans": "/proxy/api/imgur/chapter/8BDcsIr/"
      },
      "last_updated": "0" 
      },
    "39": {
      "title": "",
      "volume": "1",
      "groups": {
        "KaguraScans": "/proxy/api/imgur/chapter/Qu6OTBO/"
      },
      "last_updated": "0"
      },
    "40": {
      "title": "",
      "volume": "1",
      "groups": {
        "KaguraScans": "/proxy/api/imgur/chapter/AoTDvXf/"
      },
      "last_updated": "0" 
       },
    "41": {
      "title": "",
      "volume": "1",
      "groups": {
        "KaguraScans": "/proxy/api/imgur/chapter/RAFuK5k/"
      },
      "last_updated": "0"     
        },
    "42": {
      "title": "",
      "volume": "1",
      "groups": {
        "KaguraScans": "/proxy/api/imgur/chapter/AoMIpEm/"
      },
      "last_updated": "0"  
       },
    "43": {
      "title": "",
      "volume": "1",
      "groups": {
        "KaguraScans": "/proxy/api/imgur/chapter/zRKz5ly/"
      },
      "last_updated": "0"   
          },
    "44": {
      "title": "",
      "volume": "1",
      "groups": {
        "KaguraScans": "/proxy/api/imgur/chapter/YJDZYpc/"
      },
      "last_updated": "0" 
    }
  }
}
