{
    "title": "SSS-Class Suicide Hunter",
    "description": "Słaby łowca rangi F z powodu swojej wielkiej zazdrości został obdarowany skillem rangi S+, który sprawia, że otrzyma on losową umiejętność osoby, która go zabije. Czy z tak beznadziejnym skillem będzie wstanie zmienić swoje życie?",
    "artist": "Mintaka Kim",
    "author": "Shin Noah",
    "cover": "https://static.wikia.nocookie.net/sss-class-suicide-hunter/images/a/a4/SSS-Class_Suicide_Hunter_ManhwaCoverjpg.jpeg",
    "chapters": {
      "1": {
        "title": "",
        "volume": "1",
        "groups": {
          "KaguraScans": "/proxy/api/imgur/chapter/nyUYbvz"
        }, 
        "last_updated": "0"
      },
      "2": {
        "title": "",
        "volume": "1",
        "groups": {
          "KaguraScans": "/proxy/api/imgur/chapter/W80YsGE"
        },
        "last_updated": "0"
       },
      "3": {
        "title": "",
        "volume": "1",
        "groups": {
          "KaguraScans": "/proxy/api/imgur/chapter/XzPtV4u"
        },
        "last_updated": "0"
     },
      "4": {
        "title": "",
        "volume": "1",
        "groups": {
          "KaguraScans": "/proxy/api/imgur/chapter/ZyTkp7i"
        },
        "last_updated": "0"
      }    
    }
  }
