{
  "title": "Worn and Torn Newbie",
  "description": "Opis: Do zamknięcia serwerów pozostało 15 lat. Zakończenie jest znane tylko mnie. Jestem weteranem.",
  "artist": "TBD",
  "author": "TBD",
  "cover": "https://www.mangaupdates.com/image/i370405.jpg",
  "chapters": {
    "00": {
      "title": "",
      "volume": "1",
      "groups": {
        "KaguraScan": "/proxy/api/imgur/chapter/U8T9w9Y/"
      },
      "last_updated": "1616368746"
      },  
    "01": {
      "title": "",
      "volume": "1",
      "groups": {
        "KaguraScan": "/proxy/api/imgur/chapter/ocUTtyl/"
      },
      "last_updated": "1616368746"
      },
    "02": {
      "title": "",
      "volume": "1",
      "groups": {
        "KaguraScan": "/proxy/api/imgur/chapter/HE395Em/"
      },
      "last_updated": "1616368746"
      },
    "03": {
      "title": "",
      "volume": "1",
      "groups": {
        "KaguraScan": "/proxy/api/imgur/chapter/2hT0dxj/"
      },
      "last_updated": "1616368746"
      },
    "04": {
      "title": "",
      "volume": "1",
      "groups": {
        "KaguraScan": "/proxy/api/imgur/chapter/rsz4uPQ/"
      },
      "last_updated": "1616368746"
      },
    "05": {
      "title": "",
      "volume": "1",
      "groups": {
        "KaguraScan": "/proxy/api/imgur/chapter/PQ7Bkdu/"
      },
      "last_updated": "1616368746"
      },
    "06": {
      "title": "",
      "volume": "1",
      "groups": {
        "KaguraScan": "/proxy/api/imgur/chapter/swa35mm/"
      },
      "last_updated": "1616368746"
      },
    "07": {
      "title": "",
      "volume": "1",
      "groups": {
        "KaguraScan": "/proxy/api/imgur/chapter/5ZZCImy/"
      },
      "last_updated": "1616368746"
      },
    "08": {
      "title": "",
      "volume": "1",
      "groups": {
        "KaguraScan": "/proxy/api/imgur/chapter/gmGKmzr/"
      },
      "last_updated": "1616368746"
      },
    "09": {
      "title": "",
      "volume": "1",
      "groups": {
        "KaguraScan": "/proxy/api/imgur/chapter/tvMUHkb/"
      },
      "last_updated": "1616368746"
      },
    "10": {
      "title": "",
      "volume": "1",
      "groups": {
        "KaguraScan": "/proxy/api/imgur/chapter/7PsYO1R/"
      },
      "last_updated": "1616368746"
      },
    "11": {
      "title": "",
      "volume": "1",
      "groups": {
        "KaguraScan": "/proxy/api/imgur/chapter/k5w8Rju/"
      },
      "last_updated": "1616368746"
      },
    "12": {
      "title": "",
      "volume": "1",
      "groups": {
        "KaguraScan": "/proxy/api/imgur/chapter/KqlrFBw/"
      },
      "last_updated": "1616368746"
       },
    "13": {
      "title": "",
      "volume": "1",
      "groups": {
        "KaguraScan": "/proxy/api/imgur/chapter/wMZIhbJ/"
      },
      "last_updated": "1616368746"
       },
    "14": {
      "title": "",
      "volume": "1",
      "groups": {
        "KaguraScan": "/proxy/api/imgur/chapter/pI2rv57/"
      },
      "last_updated": "1616368746"
       },
    "15": {
      "title": "",
      "volume": "1",
      "groups": {
        "KaguraScan": "/proxy/api/imgur/chapter/Yo3oAFO/"
      },
      "last_updated": "1616368746"
       },
    "16": {
      "title": "",
      "volume": "1",
      "groups": {
        "KaguraScan": "/proxy/api/imgur/chapter/GrxOyUW/"
      },
      "last_updated": "1616368746"
       },
    "17": {
      "title": "",
      "volume": "1",
      "groups": {
        "KaguraScan": "/proxy/api/imgur/chapter/FENeChj/"
      },
      "last_updated": "1616368746"
       },
    "18": {
      "title": "",
      "volume": "1",
      "groups": {
        "KaguraScan": "/proxy/api/imgur/chapter/rYIGGuR/"
      },
      "last_updated": "1616368746"
       },
    "19": {
      "title": "",
      "volume": "1",
      "groups": {
        "KaguraScan": "/proxy/api/imgur/chapter/Nqt9RKI/"
      },
      "last_updated": "1616368746"
      },
    "20": {
      "title": "",
      "volume": "1",
      "groups": {
        "KaguraScan": "/proxy/api/imgur/chapter/EEqPSHo/"
      },
      "last_updated": "1616368746"
      },
    "21": {
      "title": "",
      "volume": "1",
      "groups": {
        "KaguraScan": "/proxy/api/imgur/chapter/iUt0DSf/"
      },
      "last_updated": "1616368746"
      },
    "22": {
      "title": "",
      "volume": "1",
      "groups": {
        "KaguraScan": "/proxy/api/imgur/chapter/Sds2IJH/"
      },
      "last_updated": "1616368746"
      },
    "23": {
      "title": "",
      "volume": "1",
      "groups": {
        "KaguraScan": "/proxy/api/imgur/chapter/qFEqpU2/"
      },
      "last_updated": "1616368746"
      },
    "24": {
      "title": "",
      "volume": "1",
      "groups": {
        "KaguraScan": "/proxy/api/imgur/chapter/H20nvur/"
      },
      "last_updated": "1616368746"
      },
    "25": {
      "title": "",
      "volume": "1",
      "groups": {
        "KaguraScan": "/proxy/api/imgur/chapter/5hkH4hg/"
      },
      "last_updated": "1616368746"
      },
    "26": {
      "title": "",
      "volume": "1",
      "groups": {
        "KaguraScan": "/proxy/api/imgur/chapter/P3S9DbI/"
      },
      "last_updated": "1616368746"
      },
    "27": {
      "title": "",
      "volume": "1",
      "groups": {
        "KaguraScan": "/proxy/api/imgur/chapter/dOE1xdy/"
      },
      "last_updated": "1616368746"
      },
    "28": {
      "title": "",
      "volume": "1",
      "groups": {
        "KaguraScan": "/proxy/api/imgur/chapter/2o0KHxU/"
      },
      "last_updated": "1616368746"
      },
    "29": {
      "title": "",
      "volume": "1",
      "groups": {
        "KaguraScan": "/proxy/api/imgur/chapter/aTgVWOY/"
      },
      "last_updated": "1616368746"
      },
    "30": {
      "title": "",
      "volume": "1",
      "groups": {
        "KaguraScan": "/proxy/api/imgur/chapter/LbYQguX/"
      },
      "last_updated": "1616368746"
    }
  }
}
