{
"title": "When the Villainess Loves ",
    "description": "Manhwa o odrodzeniu w ciele antagonistki i założeniu fajnego haremu.",
    "artist": "",
    "author": "",
    "cover": "https://i.pinimg.com/originals/eb/cb/0f/ebcb0f34f875c1ace5e644dcecbd5f7e.png",
    "chapters": {
        "1": {
        "title": "",
        "volume": "1",
        "groups": {
          "KaguraScans": "/proxy/api/imgur/chapter/9w1fEkp/"
        }, 
        "last_updated": "0" 
      },
      "2": { 
        "title": "",
        "volume": "1",
        "groups": {
          "KaguraScans": "/proxy/api/imgur/chapter/qRcmdqE/"
        },
        "last_updated": "0"
       },
      "3": {
        "title": "",
        "volume": "1",
        "groups": {
          "KaguraScans": "/proxy/api/imgur/chapter/UQ7bSGC/"
        },
        "last_updated": "0"
     },
      "4": {
        "title": "",
        "volume": "1",
        "groups": {
          "KaguraScans": "/proxy/api/imgur/chapter/bkOTAUd/"
        },
        "last_updated": "0"
       },
      "5": { 
        "title": "",
        "volume": "1",
        "groups": {
          "KaguraScans": "/proxy/api/imgur/chapter/VW0mE8g/"
        },
        "last_updated": "0"
       },
      "6": {
        "title": "",
        "volume": "1",
        "groups": {
          "KaguraScans": "/proxy/api/imgur/chapter/ZLll5s5/"
        },
        "last_updated": "0"
     },
      "7": {
        "title": "",
        "volume": "1",
        "groups": {
          "KaguraScans": "/proxy/api/imgur/chapter/4kQkM6j/"
        },
        "last_updated": "0"
      },
      "8": { 
        "title": "",
        "volume": "1",
        "groups": {
          "KaguraScans": "/proxy/api/imgur/chapter/EbA9MQ5/"
        },
        "last_updated": "0"
         },
      "9": { 
        "title": "",
        "volume": "1",
        "groups": {
          "KaguraScans": "/proxy/api/imgur/chapter/FtPxrDg/"
        },
        "last_updated": "0" 
      }    
    }
  }
