{
    "title": "Youkoso Jitsuryoku Shijou Shugi no Kyoushitsu e",
    "description": "Kiyotaka Ayanokoji dopiero co zaczyna pierwszą liceum. Szkołę do której uczęszcza nie można jednak nazwać przeciętną - placówka Kodo Ikusei cieszy się bowiem wspaniałą opinią. Każdy z jej absolwentów zdaje egzaminy wstępne na studia i bez przeszkód zdobywa wymarzone zatrudnienie. Jest to prestiżowe i opływające w bogactwo liceum, do którego dostają się tylko najlepsi z najlepszych. Sukcesy odnosi dzięki swojemu nietypowemu systemowi punktowego nagradzania uczniów, za które ci mogą dokonywać dowolnych zakupów na jej terenie, z pozoru - miejsce idealne. Szybko jednak okazuje się, że nie jest tak kolorowo. Szkołą rządzi dyktatura oraz niezwykle silna rywalizacja, zmuszająca uczniów do myślenia wyłącznie o sobie. Nasz główny bohater przydzielony został do klasy D - zajmującej najgorsze miejsce w rankingu i nie posiadającej realnych szans na świetlaną przyszłość. Ayanokoji wraz z przyjaciółmi z klasy musi więc zawalczyć, by pozbyć się opinii wyrzutków.",
    "artist": "",
    "author": "",
    "cover": "https://shinden.pl/res/images/225x350/213428.jpg",
    "chapters": {
      "1": {
        "title": "",
        "volume": "1",
        "groups": {
          "KaguraScans": "/proxy/api/imgur/chapter/rXxBsdR"
        },
        "last_updated": "0"
       },
      "2": {
        "title": "",
        "volume": "1",
        "groups": {
          "KaguraScans": "/proxy/api/imgur/chapter/sMiyMGH"
        },
        "last_updated": "0"
     },
      "3": {
        "title": "",
        "volume": "1",
        "groups": {
          "KaguraScans": "/proxy/api/imgur/chapter/1dkxlo6"
        },
        "last_updated": "0"
      }    
    }
  }
