{
  "title": "YU-GI-OH!",
  "description": "Opis: Yugi pewnego dnia rozwiązuje starożytną zagadkę znaną jako Milenijne Puzzle, powodując, że jego ciało staje się gospodarzem tajemniczego ducha o osobowości hazardzisty. Od tego momentu, gdy Yugi lub jeden z jego przyjaciół jest zagrożony, ten drugi Yugi pojawia się i wyzywa ich na niebezpieczną Grę Cieni.",
  "artist": "Kazuki Takahashi",
  "author": "Kazuki Takahashi",
  "cover": "https://upload.wikimedia.org/wikipedia/en/thumb/f/f9/Yu-Gi-Oh%21_vol_01.jpg/220px-Yu-Gi-Oh%21_vol_01.jpg",
  "chapters": {
    "01": {
      "title": "Boska zagadka",
      "volume": "1",
      "groups": {
        "KaguraScan": "/proxy/api/imgur/chapter/zcyvUAI/"
      },
      "last_updated": "1616368746"
    },
    "02": {
      "title": "Kłamliwy wzrok",
      "volume": "1",
      "groups": {
        "KaguraScan": "/proxy/api/imgur/chapter/ZFb4fZU/"
      },
      "last_updated": "1616368746"
    },
    "03": {
      "title": "Ciężki bit",
      "volume": "1",
      "groups": {
        "KaguraScan": "/proxy/api/imgur/chapter/nsrdHzy/"
      },
      "last_updated": "1616368746"
    },
    "04": {
      "title": "Uciekinier",
      "volume": "1",
      "groups": {
        "KaguraScan": "/proxy/api/imgur/chapter/x0voJEx/"
      },
      "last_updated": "1616368746"
    },
    "05": {
      "title": "Fałszywe proroctwo",
      "volume": "1",
      "groups": {
        "KaguraScan": "/proxy/api/imgur/chapter/Ok1rkIO/"
      },
      "last_updated": "1616368746"
    },
    "06": {
      "title": "W ogień",
      "volume": "1",
      "groups": {
        "KaguraScan": "/proxy/api/imgur/chapter/fivTiSy/"
      },
      "last_updated": "1616368746"
    },
    "07": {
      "title": "Oblicze prawdy",
      "volume": "1",
      "groups": {
        "KaguraScan": "/proxy/api/imgur/chapter/nSTf5jC/"
      },
      "last_updated": "1616368746"
    },
    "08": {
      "title": "Jadowity człowiek",
      "volume": "2",
      "groups": {
        "KaguraScan": "/proxy/api/imgur/chapter/YLinaQt/"
      },
      "last_updated": "1616368746"
    },
    "09": {
      "title": "Karty z zębami, część 1",
      "volume": "2",
      "groups": {
        "KaguraScan": "/proxy/api/imgur/chapter/BWObkBk/"
      },
      "last_updated": "1616368746"
    },
    "10": {
      "title": "Karty z zębami, część 2",
      "volume": "2",
      "groups": {
        "KaguraScan": "/proxy/api/imgur/chapter/4PCLIAb/"
      },
      "last_updated": "1616368746"
    },
    "11": {
      "title": "Dziki gang, część 1",
      "volume": "2",
      "groups": {
        "KaguraScan": "/proxy/api/imgur/chapter/bjA1jE4/"
      },
      "last_updated": "1616368746"
    },
    "12": {
      "title": "Dziki gang, część 2",
      "volume": "2",
      "groups": {
        "KaguraScan": "/proxy/api/imgur/chapter/EMGQpDq/"
      },
      "last_updated": "1616368746"
    },
    "13": {
      "title": "Tajemniczy egipcjanin, część 1",
      "volume": "2",
      "groups": {
        "KaguraScan": "/proxy/api/imgur/chapter/nfhL9J9/"
      },
      "last_updated": "1616368746"
    },
    "14": {
      "title": "Tajemniczy egipcjanin, część 2",
      "volume": "2",
      "groups": {
        "KaguraScan": "/proxy/api/imgur/chapter/DGsc180/"
      },
      "last_updated": "1616368746"
    },
    "15": {
      "title": "Pozostałe zbrodnie",
      "volume": "2",
      "groups": {
        "KaguraScan": "/proxy/api/imgur/chapter/JIrj1G0/"
      },
      "last_updated": "1616368746"
    },
    "16": {
      "title": "Wyzwanie Shadiego",
      "volume": "3",
      "groups": {
        "KaguraScan": "/proxy/api/imgur/chapter/0Km9eAE/"
      },
      "last_updated": "1616368746"
    },
    "17": {
      "title": "Początek gry!",
      "volume": "3",
      "groups": {
        "KaguraScan": "/proxy/api/imgur/chapter/7MrnXZK/"
      },
      "last_updated": "1616368746"
    },
    "18": {
      "title": "Druga gra",
      "volume": "3",
      "groups": {
        "KaguraScan": "/proxy/api/imgur/chapter/t033veN/"
      },
      "last_updated": "1616368746"
    },
      "19": {
      "title": "Ostatnia gra",
      "volume": "3",
      "groups": {
        "KaguraScan": "/proxy/api/imgur/chapter/YOpUXNK/"
      },
      "last_updated": "1616368746"
    },
    "20": {
      "title": "Koniec gry",
      "volume": "3",
      "groups": {
        "KaguraScan": "/proxy/api/imgur/chapter/QmN7rKC/"
      },
      "last_updated": "1616368746"
    },
    "21": {
      "title": "Pojedynek wirtualnych zwierzątek",
      "volume": "3",
      "groups": {
        "KaguraScan": "/proxy/api/imgur/chapter/CiSVx2v/"
      },
      "last_updated": "1616368746"
    },
    "22": {
      "title": "Amerykański bohater, część 1",
      "volume": "3",
      "groups": {
        "KaguraScan": "/proxy/api/imgur/chapter/AQcn1XS/"
      },
      "last_updated": "1616368746"
    },
    "23": {
      "title": "Amerykański bohater, część 2",
      "volume": "3",
      "groups": {
        "KaguraScan": "/proxy/api/imgur/chapter/1euujH0/"
      },
      "last_updated": "1616368746"
    },
    "24": {
      "title": "Szachy z kapsułkowymi potworami!",
      "volume": "3",
      "groups": {
        "KaguraScan": "/proxy/api/imgur/chapter/bGmvx2h/"
      },
      "last_updated": "1616368746"
    },
    "25": {
      "title": "Jednocalowa groza",
      "volume": "4",
      "groups": {
        "KaguraScan": "/proxy/api/imgur/chapter/Y3x9NqP/"
      },
      "last_updated": "1616368746"
    },
    "26": {
      "title": "Rosyjska ruletka",
      "volume": "4",
      "groups": {
        "KaguraScan": "/proxy/api/imgur/chapter/d98PVWh/"
      },
      "last_updated": "1616368746"
    },
    "27": {
      "title": "Początek projektu",
      "volume": "4",
      "groups": {
        "KaguraScan": "/proxy/api/imgur/chapter/9dPtnMU/"
      },
      "last_updated": "1616368746"
    },
    "28": {
      "title": "Pierwsze pole bitwy",
      "volume": "4",
      "groups": {
        "KaguraScan": "/proxy/api/imgur/chapter/WuRimsc/"
      },
      "last_updated": "1616368746"
    },
    "29": {
      "title": "Strzelanina gwiezdnego pyłu",
      "volume": "4",
      "groups": {
        "KaguraScan": "/proxy/api/imgur/chapter/ztpI60j/"
      },
      "last_updated": "1616368746"
    },
    "30": {
      "title": "Nawet nie piśnij!",
      "volume": "4",
      "groups": {
        "KaguraScan": "/proxy/api/imgur/chapter/tluJfiT/"
      },
      "last_updated": "1616368746"
    },
    "31": {
      "title": "Mordercza rezydencja",
      "volume": "4",
      "groups": {
        "KaguraScan": "/proxy/api/imgur/chapter/lgBjEk3/"
      },
      "last_updated": "1616368746"
    },
    "32": {
      "title": "Śmiertelne starcie z piłą mechaniczną",
      "volume": "4",
      "groups": {
        "KaguraScan": "/proxy/api/imgur/chapter/nrQd9rF/"
      },
      "last_updated": "1616368746"
    
    }
  }
}
